AccountID,CustomerID,AccountType,AccountOpeningDate,KYCStatus
ACC91567,CUST00001,Savings,2023-12-05,Pending
ACC60273,CUST00002,Savings,2021-01-21,Verified
ACC90809,CUST00003,Current,2020-09-19,Pending
ACC29566,CUST00004,Current,2021-08-14,Pending
ACC23688,CUST00005,Current,2023-06-10,Pending
ACC56843,CUST00006,Current,2022-10-12,Pending
ACC56622,CUST00007,Current,2020-11-20,Pending
ACC10927,CUST00008,Savings,2021-06-06,Pending
ACC58097,CUST00009,Savings,2022-05-01,Verified
ACC51515,CUST00010,Savings,2021-12-28,Pending
ACC64853,CUST00011,Savings,2021-09-26,Pending
ACC42551,CUST00012,Current,2023-07-23,Pending
ACC25203,CUST00013,Savings,2023-06-10,Verified
ACC93233,CUST00014,Current,2022-08-04,Verified
ACC38057,CUST00015,Current,2023-04-15,Verified
ACC36873,CUST00016,Savings,2021-08-19,Verified
ACC85505,CUST00017,Current,2023-12-18,Pending
ACC48416,CUST00018,Savings,2020-12-20,Verified
ACC95069,CUST00019,Current,2022-12-16,Verified
ACC27221,CUST00020,Current,2024-03-26,Verified
ACC10399,CUST00021,Current,2021-12-30,Pending
ACC45085,CUST00022,Savings,2023-02-08,Verified
ACC92358,CUST00023,Current,2020-01-17,Pending
ACC27808,CUST00024,Savings,2023-11-06,Pending
ACC62878,CUST00025,Current,2020-08-20,Pending
ACC69104,CUST00026,Current,2024-09-16,Pending
ACC33261,CUST00027,Current,2022-04-18,Verified
ACC44611,CUST00028,Current,2022-04-16,Pending
ACC74293,CUST00029,Savings,2020-10-20,Pending
ACC74408,CUST00030,Current,2020-06-01,Verified
ACC52380,CUST00031,Current,2024-08-08,Pending
ACC93996,CUST00032,Current,2023-05-27,Verified
ACC22254,CUST00033,Current,2022-12-06,Pending
ACC91738,CUST00034,Current,2022-07-13,Pending
ACC95846,CUST00035,Current,2023-03-09,Verified
ACC55423,CUST00036,Current,2020-10-21,Pending
ACC81617,CUST00037,Savings,2020-09-29,Pending
ACC80998,CUST00038,Current,2022-11-24,Verified
ACC56443,CUST00039,Savings,2020-04-28,Pending
ACC76048,CUST00040,Current,2021-10-20,Verified
ACC99717,CUST00041,Savings,2022-06-14,Pending
ACC77484,CUST00042,Savings,2022-03-26,Verified
ACC99800,CUST00043,Savings,2020-06-01,Pending
ACC25465,CUST00044,Savings,2022-03-13,Pending
ACC51777,CUST00045,Current,2020-04-28,Verified
ACC69182,CUST00046,Savings,2020-01-12,Verified
ACC88354,CUST00047,Current,2020-10-13,Pending
ACC73199,CUST00048,Current,2020-12-12,Verified
ACC48499,CUST00049,Savings,2021-04-21,Verified
ACC36360,CUST00050,Current,2020-11-10,Verified
ACC41957,CUST00051,Current,2023-06-23,Pending
ACC34694,CUST00052,Current,2020-05-08,Verified
ACC18236,CUST00053,Current,2024-06-12,Verified
ACC36941,CUST00054,Savings,2022-07-17,Pending
ACC31395,CUST00055,Current,2024-02-11,Pending
ACC90632,CUST00056,Savings,2020-07-03,Verified
ACC50334,CUST00057,Savings,2023-01-24,Verified
ACC17147,CUST00058,Current,2022-03-24,Verified
ACC69004,CUST00059,Current,2023-08-22,Pending
ACC74536,CUST00060,Current,2023-01-10,Pending
ACC39166,CUST00061,Current,2024-02-23,Verified
ACC92124,CUST00062,Current,2021-06-07,Pending
ACC58386,CUST00063,Savings,2021-02-09,Verified
ACC91403,CUST00064,Current,2020-03-31,Pending
ACC79050,CUST00065,Current,2021-03-27,Pending
ACC79977,CUST00066,Savings,2022-12-11,Verified
ACC19974,CUST00067,Savings,2021-07-27,Verified
ACC43747,CUST00068,Savings,2024-01-01,Verified
ACC95826,CUST00069,Current,2022-07-29,Pending
ACC83285,CUST00070,Current,2020-02-10,Verified
ACC75946,CUST00071,Current,2022-06-16,Verified
ACC36553,CUST00072,Current,2024-11-15,Verified
ACC64027,CUST00073,Current,2023-05-13,Verified
ACC23807,CUST00074,Savings,2020-10-23,Pending
ACC64401,CUST00075,Current,2022-11-24,Verified
ACC74661,CUST00076,Current,2023-11-22,Verified
ACC92697,CUST00077,Current,2020-08-22,Pending
ACC57739,CUST00078,Savings,2021-10-07,Verified
ACC54635,CUST00079,Current,2020-06-15,Pending
ACC29792,CUST00080,Current,2020-05-08,Verified
ACC18219,CUST00081,Current,2021-03-02,Verified
ACC74724,CUST00082,Current,2020-03-02,Verified
ACC30980,CUST00083,Savings,2023-10-11,Verified
ACC75665,CUST00084,Savings,2024-04-24,Pending
ACC14980,CUST00085,Savings,2021-06-17,Pending
ACC54015,CUST00086,Current,2020-08-01,Pending
ACC39697,CUST00087,Savings,2021-04-10,Pending
ACC73638,CUST00088,Savings,2024-08-28,Pending
ACC49803,CUST00089,Savings,2020-03-13,Pending
ACC80580,CUST00090,Current,2022-07-17,Verified
ACC96359,CUST00091,Current,2022-05-15,Verified
ACC90453,CUST00092,Current,2021-01-15,Verified
ACC86791,CUST00093,Savings,2023-02-14,Pending
ACC96881,CUST00094,Savings,2021-02-11,Pending
ACC72592,CUST00095,Savings,2020-05-07,Pending
ACC54267,CUST00096,Savings,2024-11-15,Pending
ACC54396,CUST00097,Current,2021-12-04,Verified
ACC69927,CUST00098,Current,2023-09-17,Pending
ACC66428,CUST00099,Current,2020-05-22,Pending
ACC34973,CUST00100,Savings,2022-05-30,Pending
ACC16669,CUST00101,Savings,2023-10-05,Verified
ACC74940,CUST00102,Savings,2023-12-17,Verified
ACC23686,CUST00103,Savings,2020-12-17,Verified
ACC99236,CUST00104,Savings,2024-02-22,Verified
ACC66118,CUST00105,Savings,2023-03-28,Verified
ACC31132,CUST00106,Current,2020-10-15,Verified
ACC25608,CUST00107,Current,2023-08-30,Pending
ACC77278,CUST00108,Savings,2022-11-16,Pending
ACC17818,CUST00109,Savings,2020-03-31,Verified
ACC36101,CUST00110,Savings,2020-01-04,Verified
ACC83651,CUST00111,Savings,2024-01-29,Verified
ACC11237,CUST00112,Savings,2023-09-07,Pending
ACC70010,CUST00113,Savings,2024-06-27,Pending
ACC96198,CUST00114,Current,2023-10-14,Verified
ACC52218,CUST00115,Current,2022-07-08,Verified
ACC93556,CUST00116,Current,2024-12-05,Verified
ACC53166,CUST00117,Savings,2023-02-04,Verified
ACC26618,CUST00118,Current,2022-04-30,Pending
ACC59697,CUST00119,Savings,2024-05-05,Verified
ACC89841,CUST00120,Savings,2023-12-17,Pending
ACC22897,CUST00121,Savings,2024-04-04,Pending
ACC14443,CUST00122,Savings,2021-05-24,Verified
ACC50053,CUST00123,Savings,2023-04-07,Verified
ACC12581,CUST00124,Current,2021-11-11,Pending
ACC67296,CUST00125,Current,2020-12-04,Verified
ACC45966,CUST00126,Savings,2021-03-03,Pending
ACC74444,CUST00127,Current,2023-06-14,Pending
ACC90500,CUST00128,Savings,2020-01-28,Verified
ACC25087,CUST00129,Current,2023-04-02,Pending
ACC35623,CUST00130,Current,2023-04-30,Verified
ACC43027,CUST00131,Savings,2021-06-10,Verified
ACC39934,CUST00132,Current,2020-12-07,Pending
ACC14342,CUST00133,Current,2020-10-08,Pending
ACC37250,CUST00134,Savings,2020-12-17,Verified
ACC51402,CUST00135,Savings,2021-12-12,Verified
ACC16457,CUST00136,Savings,2020-11-03,Verified
ACC56434,CUST00137,Savings,2021-10-28,Pending
ACC45817,CUST00138,Savings,2022-07-17,Verified
ACC67457,CUST00139,Current,2023-04-10,Pending
ACC38693,CUST00140,Savings,2020-05-04,Verified
ACC26296,CUST00141,Current,2022-11-27,Verified
ACC19539,CUST00142,Current,2022-09-25,Pending
ACC49801,CUST00143,Savings,2024-09-28,Verified
ACC24228,CUST00144,Savings,2020-09-10,Verified
ACC50597,CUST00145,Current,2022-09-16,Verified
ACC24021,CUST00146,Savings,2023-04-19,Pending
ACC44486,CUST00147,Savings,2023-01-14,Verified
ACC24597,CUST00148,Savings,2021-09-12,Verified
ACC39114,CUST00149,Savings,2021-02-23,Pending
ACC35875,CUST00150,Current,2021-03-15,Pending
ACC23468,CUST00151,Current,2024-07-03,Pending
ACC81376,CUST00152,Savings,2024-10-29,Verified
ACC63720,CUST00153,Savings,2023-09-20,Verified
ACC61146,CUST00154,Current,2023-03-15,Verified
ACC36763,CUST00155,Current,2022-10-25,Verified
ACC91001,CUST00156,Current,2021-04-05,Verified
ACC64195,CUST00157,Current,2021-04-27,Verified
ACC80868,CUST00158,Current,2023-12-21,Verified
ACC51327,CUST00159,Savings,2023-01-30,Verified
ACC52626,CUST00160,Current,2024-07-13,Verified
ACC82987,CUST00161,Current,2022-12-29,Pending
ACC85131,CUST00162,Savings,2022-04-15,Verified
ACC97080,CUST00163,Savings,2024-05-07,Pending
ACC25118,CUST00164,Savings,2020-03-20,Pending
ACC48027,CUST00165,Current,2021-08-31,Pending
ACC10939,CUST00166,Current,2024-06-05,Pending
ACC97220,CUST00167,Savings,2020-01-04,Verified
ACC87847,CUST00168,Savings,2021-07-15,Pending
ACC16163,CUST00169,Savings,2023-06-23,Verified
ACC17170,CUST00170,Current,2023-05-04,Pending
ACC19692,CUST00171,Savings,2020-09-20,Verified
ACC39353,CUST00172,Savings,2024-02-10,Pending
ACC53732,CUST00173,Current,2023-04-15,Verified
ACC79723,CUST00174,Current,2020-06-12,Pending
ACC47982,CUST00175,Savings,2020-06-14,Verified
ACC56653,CUST00176,Current,2020-02-08,Pending
ACC32369,CUST00177,Current,2023-01-20,Verified
ACC61776,CUST00178,Savings,2021-03-21,Verified
ACC45133,CUST00179,Savings,2022-12-14,Pending
ACC29883,CUST00180,Savings,2023-10-14,Pending
ACC43778,CUST00181,Savings,2021-04-12,Verified
ACC15231,CUST00182,Savings,2022-03-31,Pending
ACC88016,CUST00183,Savings,2024-02-23,Verified
ACC90358,CUST00184,Current,2021-01-20,Pending
ACC95781,CUST00185,Current,2024-04-13,Verified
ACC77221,CUST00186,Current,2023-02-06,Verified
ACC45128,CUST00187,Current,2020-12-17,Verified
ACC57949,CUST00188,Current,2022-09-19,Pending
ACC40591,CUST00189,Current,2021-06-10,Pending
ACC78759,CUST00190,Current,2022-02-10,Pending
ACC59523,CUST00191,Current,2021-02-12,Verified
ACC20091,CUST00192,Current,2023-05-27,Verified
ACC95121,CUST00193,Savings,2020-05-09,Verified
ACC45938,CUST00194,Current,2022-08-09,Pending
ACC94685,CUST00195,Current,2021-01-10,Pending
ACC37578,CUST00196,Current,2023-02-07,Pending
ACC22402,CUST00197,Savings,2021-11-19,Pending
ACC50615,CUST00198,Savings,2022-01-19,Verified
ACC14136,CUST00199,Savings,2024-08-07,Verified
ACC82608,CUST00200,Current,2023-12-01,Pending
ACC75857,CUST00201,Savings,2024-07-17,Verified
ACC73264,CUST00202,Current,2021-02-23,Pending
ACC71187,CUST00203,Savings,2024-04-26,Pending
ACC81070,CUST00204,Current,2020-04-01,Pending
ACC91374,CUST00205,Current,2024-05-11,Verified
ACC97106,CUST00206,Savings,2020-05-09,Verified
ACC68914,CUST00207,Savings,2020-06-13,Verified
ACC87695,CUST00208,Savings,2021-10-19,Verified
ACC47163,CUST00209,Savings,2022-03-14,Pending
ACC54158,CUST00210,Current,2021-12-14,Pending
ACC28686,CUST00211,Current,2021-10-26,Pending
ACC26889,CUST00212,Current,2024-09-16,Verified
ACC40282,CUST00213,Savings,2021-02-10,Pending
ACC70458,CUST00214,Current,2020-03-09,Verified
ACC99643,CUST00215,Current,2020-08-24,Pending
ACC88319,CUST00216,Savings,2020-04-23,Pending
ACC14736,CUST00217,Savings,2021-10-15,Pending
ACC44258,CUST00218,Savings,2023-02-14,Verified
ACC70129,CUST00219,Savings,2020-03-04,Pending
ACC52069,CUST00220,Savings,2021-10-26,Pending
ACC75968,CUST00221,Savings,2023-10-15,Verified
ACC36662,CUST00222,Savings,2024-02-03,Pending
ACC80533,CUST00223,Savings,2021-04-26,Pending
ACC53607,CUST00224,Savings,2023-04-26,Pending
ACC35426,CUST00225,Savings,2023-02-11,Pending
ACC43635,CUST00226,Current,2022-08-16,Pending
ACC45308,CUST00227,Savings,2022-06-01,Verified
ACC10054,CUST00228,Savings,2023-01-07,Verified
ACC83450,CUST00229,Savings,2020-02-28,Verified
ACC87081,CUST00230,Current,2021-08-03,Verified
ACC31037,CUST00231,Current,2022-01-09,Verified
ACC96012,CUST00232,Current,2020-09-15,Pending
ACC82696,CUST00233,Savings,2023-03-10,Pending
ACC25704,CUST00234,Savings,2023-08-19,Verified
ACC30117,CUST00235,Savings,2020-11-17,Pending
ACC77617,CUST00236,Current,2022-06-01,Pending
ACC68575,CUST00237,Current,2021-02-17,Verified
ACC54982,CUST00238,Savings,2021-03-09,Verified
ACC70533,CUST00239,Current,2021-05-16,Verified
ACC77114,CUST00240,Savings,2021-08-31,Pending
ACC61009,CUST00241,Current,2024-11-13,Verified
ACC55640,CUST00242,Current,2020-01-05,Pending
ACC98933,CUST00243,Savings,2022-04-16,Pending
ACC59386,CUST00244,Current,2020-08-25,Pending
ACC37653,CUST00245,Savings,2020-05-19,Pending
ACC84599,CUST00246,Savings,2021-07-18,Pending
ACC85575,CUST00247,Savings,2023-11-20,Pending
ACC91518,CUST00248,Savings,2022-05-27,Verified
ACC12002,CUST00249,Current,2022-04-23,Verified
ACC19024,CUST00250,Savings,2023-05-22,Pending
ACC53565,CUST00251,Savings,2023-02-27,Pending
ACC61332,CUST00252,Savings,2020-07-25,Pending
ACC63331,CUST00253,Current,2021-03-10,Verified
ACC42601,CUST00254,Savings,2021-09-06,Pending
ACC60429,CUST00255,Current,2020-06-19,Pending
ACC80110,CUST00256,Savings,2021-05-25,Verified
ACC47023,CUST00257,Current,2021-08-16,Verified
ACC27897,CUST00258,Current,2021-03-18,Verified
ACC95599,CUST00259,Current,2020-05-23,Pending
ACC85050,CUST00260,Current,2021-09-16,Verified
ACC57615,CUST00261,Current,2023-01-21,Verified
ACC24659,CUST00262,Savings,2024-06-06,Verified
ACC97105,CUST00263,Current,2022-09-07,Pending
ACC26657,CUST00264,Savings,2021-08-07,Verified
ACC55765,CUST00265,Current,2020-08-27,Verified
ACC40782,CUST00266,Savings,2020-10-24,Verified
ACC81351,CUST00267,Current,2020-01-31,Pending
ACC32821,CUST00268,Current,2021-02-08,Pending
ACC74957,CUST00269,Savings,2020-12-28,Pending
ACC81607,CUST00270,Current,2024-07-20,Pending
ACC39764,CUST00271,Savings,2020-11-09,Pending
ACC64357,CUST00272,Current,2021-01-10,Pending
ACC21269,CUST00273,Savings,2023-08-21,Verified
ACC94367,CUST00274,Savings,2024-02-11,Pending
ACC79905,CUST00275,Savings,2021-08-16,Verified
ACC70254,CUST00276,Savings,2024-07-16,Pending
ACC26971,CUST00277,Savings,2024-06-30,Verified
ACC34479,CUST00278,Savings,2021-01-10,Verified
ACC54632,CUST00279,Current,2021-04-05,Pending
ACC50588,CUST00280,Current,2024-09-25,Pending
ACC52343,CUST00281,Savings,2022-06-04,Pending
ACC93295,CUST00282,Current,2022-10-02,Verified
ACC74224,CUST00283,Current,2021-12-05,Pending
ACC66526,CUST00284,Savings,2021-04-04,Verified
ACC99946,CUST00285,Savings,2023-09-13,Verified
ACC79827,CUST00286,Current,2020-05-17,Verified
ACC13204,CUST00287,Savings,2024-01-09,Verified
ACC96289,CUST00288,Current,2022-01-06,Pending
ACC60340,CUST00289,Current,2021-01-16,Pending
ACC72550,CUST00290,Savings,2024-02-10,Verified
ACC45803,CUST00291,Current,2022-04-16,Pending
ACC52793,CUST00292,Savings,2024-06-14,Verified
ACC20204,CUST00293,Savings,2022-04-03,Pending
ACC84678,CUST00294,Savings,2022-12-28,Verified
ACC49611,CUST00295,Current,2023-09-07,Verified
ACC95849,CUST00296,Current,2022-09-11,Verified
ACC37131,CUST00297,Savings,2021-03-19,Pending
ACC59413,CUST00298,Savings,2023-07-28,Verified
ACC44600,CUST00299,Current,2021-05-27,Pending
ACC99004,CUST00300,Current,2020-06-15,Pending
ACC93374,CUST00301,Current,2024-08-29,Pending
ACC94868,CUST00302,Savings,2020-12-12,Verified
ACC94788,CUST00303,Current,2024-07-14,Verified
ACC51249,CUST00304,Savings,2024-03-30,Verified
ACC40307,CUST00305,Savings,2023-01-06,Pending
ACC50765,CUST00306,Savings,2023-12-08,Pending
ACC67834,CUST00307,Savings,2022-08-12,Pending
ACC21225,CUST00308,Savings,2020-06-25,Pending
ACC93355,CUST00309,Current,2020-02-27,Pending
ACC82948,CUST00310,Savings,2022-02-08,Verified
ACC12744,CUST00311,Current,2021-07-01,Pending
ACC28938,CUST00312,Savings,2020-12-30,Verified
ACC94125,CUST00313,Current,2023-06-23,Verified
ACC29129,CUST00314,Savings,2023-08-30,Verified
ACC22764,CUST00315,Savings,2020-03-27,Verified
ACC86654,CUST00316,Savings,2020-09-17,Verified
ACC95076,CUST00317,Savings,2024-11-19,Verified
ACC42470,CUST00318,Savings,2020-03-30,Verified
ACC54068,CUST00319,Current,2020-09-29,Pending
ACC20745,CUST00320,Current,2024-09-25,Verified
ACC51263,CUST00321,Current,2021-01-26,Verified
ACC76959,CUST00322,Current,2021-04-21,Verified
ACC19807,CUST00323,Savings,2022-09-29,Pending
ACC49024,CUST00324,Savings,2024-06-13,Verified
ACC24104,CUST00325,Current,2022-05-03,Pending
ACC47295,CUST00326,Savings,2022-08-14,Pending
ACC96067,CUST00327,Current,2023-04-29,Verified
ACC95243,CUST00328,Savings,2022-08-02,Verified
ACC26078,CUST00329,Current,2024-07-14,Verified
ACC75266,CUST00330,Current,2022-09-30,Verified
ACC10003,CUST00331,Savings,2022-12-19,Verified
ACC73037,CUST00332,Savings,2021-01-26,Verified
ACC53025,CUST00333,Savings,2022-09-27,Verified
ACC76099,CUST00334,Current,2022-10-31,Verified
ACC44060,CUST00335,Current,2020-12-25,Pending
ACC25546,CUST00336,Current,2022-11-14,Verified
ACC47334,CUST00337,Current,2022-06-16,Pending
ACC89697,CUST00338,Current,2020-06-01,Pending
ACC50255,CUST00339,Savings,2024-02-08,Verified
ACC74687,CUST00340,Savings,2024-10-22,Verified
ACC96582,CUST00341,Savings,2024-05-23,Verified
ACC42788,CUST00342,Savings,2022-09-09,Verified
ACC92315,CUST00343,Savings,2022-04-26,Verified
ACC76092,CUST00344,Current,2024-02-14,Pending
ACC48624,CUST00345,Current,2021-03-28,Pending
ACC91203,CUST00346,Current,2021-01-25,Verified
ACC36714,CUST00347,Savings,2024-09-17,Verified
ACC57990,CUST00348,Savings,2020-02-22,Pending
ACC38489,CUST00349,Savings,2021-07-22,Pending
ACC63569,CUST00350,Current,2020-06-25,Verified
ACC26923,CUST00351,Current,2022-12-09,Verified
ACC26994,CUST00352,Savings,2024-08-22,Pending
ACC16594,CUST00353,Savings,2022-11-24,Verified
ACC79585,CUST00354,Savings,2020-04-02,Verified
ACC16146,CUST00355,Savings,2021-09-20,Verified
ACC59426,CUST00356,Current,2022-10-12,Verified
ACC67817,CUST00357,Savings,2020-07-24,Verified
ACC89581,CUST00358,Savings,2022-11-28,Verified
ACC31606,CUST00359,Savings,2023-10-14,Pending
ACC44635,CUST00360,Current,2024-08-23,Verified
ACC76916,CUST00361,Current,2022-12-12,Pending
ACC23793,CUST00362,Savings,2024-07-27,Verified
ACC82190,CUST00363,Savings,2024-03-10,Pending
ACC30428,CUST00364,Savings,2024-03-28,Verified
ACC48927,CUST00365,Savings,2022-08-29,Verified
ACC44050,CUST00366,Current,2022-06-27,Pending
ACC73615,CUST00367,Savings,2021-09-14,Pending
ACC98937,CUST00368,Current,2020-09-20,Pending
ACC49651,CUST00369,Current,2024-11-09,Verified
ACC87973,CUST00370,Current,2024-02-08,Verified
ACC64807,CUST00371,Current,2022-03-05,Verified
ACC25999,CUST00372,Current,2020-10-02,Verified
ACC96390,CUST00373,Savings,2022-04-21,Verified
ACC12703,CUST00374,Current,2024-04-15,Pending
ACC36332,CUST00375,Savings,2020-08-21,Pending
ACC67103,CUST00376,Savings,2020-04-02,Verified
ACC74409,CUST00377,Current,2023-03-31,Pending
ACC45810,CUST00378,Current,2023-12-13,Pending
ACC60182,CUST00379,Savings,2021-08-22,Verified
ACC12177,CUST00380,Savings,2023-01-14,Verified
ACC15529,CUST00381,Current,2023-05-16,Pending
ACC79446,CUST00382,Current,2021-04-07,Pending
ACC36570,CUST00383,Current,2022-03-24,Verified
ACC56801,CUST00384,Current,2023-11-17,Pending
ACC84481,CUST00385,Current,2020-07-14,Pending
ACC88823,CUST00386,Savings,2021-12-31,Verified
ACC47564,CUST00387,Savings,2021-01-18,Pending
ACC43749,CUST00388,Savings,2024-06-12,Verified
ACC50763,CUST00389,Current,2020-02-21,Pending
ACC66937,CUST00390,Savings,2021-05-24,Pending
ACC36825,CUST00391,Current,2022-05-23,Verified
ACC11739,CUST00392,Current,2021-02-01,Verified
ACC63284,CUST00393,Current,2024-01-06,Pending
ACC57951,CUST00394,Current,2022-09-06,Verified
ACC50968,CUST00395,Savings,2020-01-27,Verified
ACC23388,CUST00396,Current,2021-12-25,Verified
ACC64345,CUST00397,Current,2023-08-12,Verified
ACC54586,CUST00398,Current,2023-10-28,Pending
ACC58425,CUST00399,Savings,2023-11-22,Pending
ACC54499,CUST00400,Savings,2020-08-19,Pending
ACC54896,CUST00401,Current,2024-10-02,Pending
ACC29905,CUST00402,Current,2021-10-26,Pending
ACC38932,CUST00403,Savings,2020-11-07,Verified
ACC45271,CUST00404,Current,2021-03-14,Verified
ACC47308,CUST00405,Savings,2022-12-23,Pending
ACC16193,CUST00406,Savings,2023-02-08,Verified
ACC57420,CUST00407,Current,2023-12-10,Verified
ACC69149,CUST00408,Savings,2024-03-12,Pending
ACC30126,CUST00409,Current,2023-08-01,Verified
ACC39872,CUST00410,Current,2022-09-22,Verified
ACC23945,CUST00411,Current,2020-09-17,Pending
ACC71369,CUST00412,Current,2023-10-07,Pending
ACC57634,CUST00413,Savings,2020-12-17,Verified
ACC25388,CUST00414,Savings,2023-06-13,Pending
ACC45671,CUST00415,Savings,2022-01-02,Pending
ACC78393,CUST00416,Savings,2021-04-23,Pending
ACC64365,CUST00417,Savings,2020-04-17,Pending
ACC45864,CUST00418,Current,2020-08-23,Pending
ACC32907,CUST00419,Current,2022-11-20,Verified
ACC22893,CUST00420,Current,2020-12-14,Pending
ACC62472,CUST00421,Current,2022-03-09,Pending
ACC22495,CUST00422,Savings,2021-10-30,Verified
ACC31661,CUST00423,Current,2021-11-23,Verified
ACC86280,CUST00424,Current,2023-03-06,Pending
ACC14713,CUST00425,Savings,2023-04-17,Verified
ACC58228,CUST00426,Current,2020-11-15,Pending
ACC96676,CUST00427,Current,2020-08-04,Pending
ACC33450,CUST00428,Savings,2024-06-21,Pending
ACC31430,CUST00429,Savings,2022-07-11,Pending
ACC68131,CUST00430,Savings,2024-10-10,Pending
ACC97935,CUST00431,Current,2021-07-22,Verified
ACC14623,CUST00432,Current,2024-06-16,Pending
ACC39518,CUST00433,Current,2024-10-09,Verified
ACC87562,CUST00434,Current,2022-01-20,Pending
ACC21287,CUST00435,Current,2024-09-14,Pending
ACC80810,CUST00436,Current,2021-09-01,Pending
ACC72011,CUST00437,Current,2024-05-27,Pending
ACC84407,CUST00438,Current,2020-07-01,Verified
ACC25041,CUST00439,Savings,2021-12-31,Verified
ACC42279,CUST00440,Current,2020-01-06,Pending
ACC18954,CUST00441,Current,2020-11-15,Verified
ACC80941,CUST00442,Savings,2022-06-07,Verified
ACC96105,CUST00443,Current,2024-04-28,Pending
ACC31846,CUST00444,Current,2021-07-22,Verified
ACC41888,CUST00445,Current,2021-01-20,Pending
ACC32203,CUST00446,Savings,2020-08-04,Pending
ACC30885,CUST00447,Current,2020-09-04,Verified
ACC29962,CUST00448,Current,2021-08-09,Verified
ACC25016,CUST00449,Current,2022-02-11,Pending
ACC45966,CUST00450,Savings,2022-04-09,Verified
ACC61478,CUST00451,Current,2023-12-30,Verified
ACC45324,CUST00452,Current,2023-05-15,Verified
ACC48929,CUST00453,Current,2022-07-03,Pending
ACC47827,CUST00454,Current,2021-03-25,Verified
ACC68853,CUST00455,Savings,2020-05-07,Pending
ACC72118,CUST00456,Savings,2023-03-10,Verified
ACC12364,CUST00457,Savings,2022-04-22,Verified
ACC53948,CUST00458,Current,2023-01-18,Verified
ACC49125,CUST00459,Savings,2023-06-17,Verified
ACC22857,CUST00460,Current,2023-08-13,Pending
ACC50273,CUST00461,Savings,2022-07-22,Pending
ACC43343,CUST00462,Current,2022-04-24,Pending
ACC64878,CUST00463,Current,2023-08-24,Pending
ACC85678,CUST00464,Current,2020-08-24,Pending
ACC41223,CUST00465,Savings,2023-09-02,Pending
ACC47580,CUST00466,Savings,2024-09-03,Verified
ACC83852,CUST00467,Savings,2024-04-20,Verified
ACC42926,CUST00468,Current,2022-02-06,Pending
ACC23904,CUST00469,Current,2022-05-08,Verified
ACC10561,CUST00470,Savings,2020-11-18,Verified
ACC85598,CUST00471,Current,2021-05-19,Verified
ACC44926,CUST00472,Current,2021-08-06,Pending
ACC25747,CUST00473,Savings,2020-02-18,Pending
ACC99724,CUST00474,Savings,2024-10-15,Verified
ACC88381,CUST00475,Current,2022-03-20,Verified
ACC14901,CUST00476,Savings,2022-02-18,Verified
ACC35616,CUST00477,Savings,2023-04-04,Verified
ACC74901,CUST00478,Savings,2024-10-09,Pending
ACC35758,CUST00479,Current,2022-08-10,Pending
ACC30950,CUST00480,Savings,2020-03-23,Verified
ACC69505,CUST00481,Current,2024-07-23,Verified
ACC17033,CUST00482,Current,2022-02-25,Pending
ACC29667,CUST00483,Current,2023-10-08,Verified
ACC32590,CUST00484,Savings,2022-06-16,Pending
ACC91448,CUST00485,Savings,2022-03-18,Pending
ACC57270,CUST00486,Current,2021-12-23,Pending
ACC48051,CUST00487,Savings,2020-10-05,Pending
ACC63395,CUST00488,Current,2022-03-18,Verified
ACC70365,CUST00489,Savings,2020-07-22,Verified
ACC99783,CUST00490,Current,2021-10-30,Verified
ACC52557,CUST00491,Current,2023-08-20,Pending
ACC73400,CUST00492,Current,2020-09-10,Verified
ACC18005,CUST00493,Savings,2023-10-24,Pending
ACC34166,CUST00494,Current,2022-12-11,Verified
ACC97297,CUST00495,Savings,2020-02-22,Verified
ACC84876,CUST00496,Savings,2021-02-28,Verified
ACC49771,CUST00497,Current,2020-02-24,Pending
ACC21069,CUST00498,Savings,2020-06-18,Verified
ACC27001,CUST00499,Savings,2022-04-19,Verified
ACC65695,CUST00500,Savings,2023-08-13,Pending
ACC20031,CUST00501,Savings,2023-07-02,Verified
ACC72010,CUST00502,Savings,2023-08-02,Verified
ACC76680,CUST00503,Current,2024-06-16,Verified
ACC70003,CUST00504,Current,2020-05-14,Verified
ACC28251,CUST00505,Savings,2021-12-07,Pending
ACC73711,CUST00506,Savings,2023-12-16,Pending
ACC38482,CUST00507,Current,2024-08-19,Pending
ACC87018,CUST00508,Savings,2020-08-18,Pending
ACC15122,CUST00509,Savings,2021-01-16,Verified
ACC80103,CUST00510,Current,2023-04-07,Verified
ACC27241,CUST00511,Savings,2022-05-02,Verified
ACC38897,CUST00512,Savings,2024-07-21,Pending
ACC58715,CUST00513,Savings,2020-10-06,Verified
ACC63624,CUST00514,Savings,2024-07-13,Verified
ACC40481,CUST00515,Current,2021-10-14,Pending
ACC49205,CUST00516,Current,2020-03-14,Verified
ACC46163,CUST00517,Current,2023-02-15,Pending
ACC59053,CUST00518,Savings,2022-06-24,Verified
ACC36086,CUST00519,Current,2024-11-01,Verified
ACC63072,CUST00520,Current,2023-11-24,Verified
ACC32096,CUST00521,Savings,2021-03-25,Pending
ACC97114,CUST00522,Current,2022-12-18,Verified
ACC48047,CUST00523,Savings,2023-07-26,Pending
ACC27687,CUST00524,Savings,2021-11-06,Verified
ACC83602,CUST00525,Savings,2021-02-13,Pending
ACC70390,CUST00526,Current,2023-06-25,Verified
ACC79332,CUST00527,Savings,2024-11-18,Verified
ACC98439,CUST00528,Current,2020-12-20,Verified
ACC12718,CUST00529,Savings,2022-05-21,Pending
ACC27398,CUST00530,Savings,2023-02-21,Verified
ACC98684,CUST00531,Current,2021-12-28,Verified
ACC72588,CUST00532,Savings,2022-12-29,Pending
ACC79050,CUST00533,Savings,2021-09-20,Pending
ACC70712,CUST00534,Savings,2024-08-03,Pending
ACC73392,CUST00535,Savings,2021-08-25,Pending
ACC28011,CUST00536,Savings,2021-10-11,Pending
ACC69808,CUST00537,Current,2023-06-30,Verified
ACC20972,CUST00538,Savings,2023-09-22,Verified
ACC20830,CUST00539,Current,2023-12-29,Pending
ACC37173,CUST00540,Savings,2022-02-26,Pending
ACC40720,CUST00541,Current,2021-12-09,Pending
ACC82761,CUST00542,Current,2024-07-26,Verified
ACC40240,CUST00543,Current,2023-01-17,Verified
ACC73512,CUST00544,Current,2023-04-12,Verified
ACC67459,CUST00545,Savings,2020-04-13,Verified
ACC35827,CUST00546,Savings,2021-08-10,Pending
ACC89811,CUST00547,Savings,2020-04-10,Verified
ACC73506,CUST00548,Current,2024-04-22,Pending
ACC32758,CUST00549,Savings,2021-10-17,Verified
ACC20196,CUST00550,Savings,2023-04-17,Pending
ACC88298,CUST00551,Savings,2020-04-02,Verified
ACC36871,CUST00552,Current,2024-06-12,Pending
ACC45954,CUST00553,Savings,2024-03-18,Pending
ACC78510,CUST00554,Current,2022-03-12,Verified
ACC96406,CUST00555,Current,2020-10-06,Pending
ACC12571,CUST00556,Current,2021-07-17,Verified
ACC96525,CUST00557,Savings,2022-05-23,Pending
ACC55696,CUST00558,Savings,2024-08-16,Pending
ACC84177,CUST00559,Current,2024-09-24,Verified
ACC42012,CUST00560,Savings,2020-12-29,Verified
ACC46070,CUST00561,Current,2024-09-22,Pending
ACC28019,CUST00562,Savings,2024-01-29,Pending
ACC34486,CUST00563,Savings,2024-05-19,Verified
ACC28294,CUST00564,Savings,2021-09-23,Pending
ACC68888,CUST00565,Current,2022-10-16,Pending
ACC95199,CUST00566,Savings,2021-08-22,Verified
ACC35625,CUST00567,Current,2023-04-19,Verified
ACC15691,CUST00568,Savings,2024-09-23,Pending
ACC34574,CUST00569,Savings,2021-04-27,Pending
ACC44060,CUST00570,Current,2022-10-06,Verified
ACC92213,CUST00571,Current,2024-10-03,Pending
ACC52338,CUST00572,Current,2023-12-16,Pending
ACC59308,CUST00573,Current,2020-06-06,Pending
ACC35315,CUST00574,Current,2021-02-21,Pending
ACC35784,CUST00575,Savings,2023-11-24,Verified
ACC46522,CUST00576,Current,2023-03-16,Verified
ACC91711,CUST00577,Current,2023-10-21,Pending
ACC60227,CUST00578,Savings,2021-08-31,Verified
ACC29673,CUST00579,Current,2020-04-22,Verified
ACC63194,CUST00580,Current,2024-06-15,Pending
ACC12464,CUST00581,Current,2021-11-16,Verified
ACC83915,CUST00582,Current,2020-10-17,Pending
ACC77987,CUST00583,Current,2024-03-03,Verified
ACC76466,CUST00584,Savings,2022-09-20,Pending
ACC12376,CUST00585,Savings,2021-04-16,Pending
ACC78270,CUST00586,Savings,2022-12-05,Pending
ACC55078,CUST00587,Savings,2022-05-11,Pending
ACC55167,CUST00588,Current,2021-07-24,Pending
ACC53321,CUST00589,Current,2024-09-24,Pending
ACC48366,CUST00590,Savings,2023-10-03,Verified
ACC46534,CUST00591,Savings,2022-01-04,Pending
ACC70215,CUST00592,Savings,2021-09-08,Pending
ACC81525,CUST00593,Savings,2023-07-15,Pending
ACC37886,CUST00594,Savings,2024-01-15,Verified
ACC45189,CUST00595,Current,2023-12-12,Verified
ACC54671,CUST00596,Savings,2021-12-04,Verified
ACC57146,CUST00597,Current,2020-01-26,Verified
ACC88351,CUST00598,Savings,2024-01-06,Pending
ACC97048,CUST00599,Savings,2021-10-24,Pending
ACC16673,CUST00600,Savings,2023-04-17,Pending
ACC80650,CUST00601,Current,2021-12-15,Pending
ACC14042,CUST00602,Savings,2021-05-30,Pending
ACC41500,CUST00603,Current,2020-09-02,Pending
ACC48261,CUST00604,Savings,2020-04-29,Pending
ACC13566,CUST00605,Savings,2023-10-08,Verified
ACC65402,CUST00606,Savings,2023-07-25,Verified
ACC98734,CUST00607,Current,2022-09-05,Verified
ACC54274,CUST00608,Savings,2024-05-29,Pending
ACC25081,CUST00609,Savings,2020-08-21,Verified
ACC23429,CUST00610,Savings,2024-02-24,Verified
ACC36281,CUST00611,Current,2022-09-23,Verified
ACC78866,CUST00612,Savings,2020-09-10,Pending
ACC35629,CUST00613,Savings,2024-08-19,Pending
ACC20349,CUST00614,Savings,2020-07-14,Pending
ACC41187,CUST00615,Savings,2021-07-12,Pending
ACC10184,CUST00616,Current,2023-06-21,Verified
ACC37611,CUST00617,Savings,2024-05-25,Pending
ACC90669,CUST00618,Current,2021-01-03,Verified
ACC62702,CUST00619,Savings,2021-01-06,Pending
ACC76593,CUST00620,Savings,2024-01-15,Pending
ACC19773,CUST00621,Savings,2022-01-11,Pending
ACC57506,CUST00622,Current,2024-09-06,Pending
ACC43398,CUST00623,Savings,2020-05-27,Verified
ACC95103,CUST00624,Current,2022-07-27,Pending
ACC15309,CUST00625,Savings,2021-01-06,Verified
ACC55151,CUST00626,Current,2023-12-06,Pending
ACC84913,CUST00627,Current,2021-10-05,Verified
ACC36417,CUST00628,Savings,2021-04-10,Pending
ACC61023,CUST00629,Current,2024-03-20,Pending
ACC79125,CUST00630,Current,2022-10-01,Verified
ACC53103,CUST00631,Savings,2020-01-05,Verified
ACC56774,CUST00632,Savings,2023-09-16,Pending
ACC56013,CUST00633,Current,2023-12-07,Verified
ACC51117,CUST00634,Savings,2024-10-22,Pending
ACC76250,CUST00635,Current,2024-03-20,Pending
ACC56877,CUST00636,Savings,2021-09-03,Verified
ACC24540,CUST00637,Savings,2020-12-08,Pending
ACC22149,CUST00638,Current,2021-09-17,Verified
ACC43377,CUST00639,Current,2022-10-12,Verified
ACC66109,CUST00640,Savings,2023-02-08,Pending
ACC34525,CUST00641,Current,2021-06-24,Verified
ACC72028,CUST00642,Current,2024-04-19,Pending
ACC99687,CUST00643,Savings,2022-12-24,Verified
ACC31549,CUST00644,Savings,2024-12-06,Pending
ACC59658,CUST00645,Current,2022-08-01,Pending
ACC91645,CUST00646,Current,2022-08-05,Verified
ACC87472,CUST00647,Current,2021-02-20,Verified
ACC30942,CUST00648,Current,2024-12-02,Verified
ACC86381,CUST00649,Savings,2024-03-03,Pending
ACC23091,CUST00650,Current,2020-04-10,Verified
ACC80514,CUST00651,Current,2020-02-22,Pending
ACC27929,CUST00652,Current,2024-10-14,Verified
ACC62150,CUST00653,Current,2023-01-22,Pending
ACC53527,CUST00654,Current,2022-01-07,Pending
ACC60604,CUST00655,Current,2023-11-25,Verified
ACC26497,CUST00656,Current,2022-03-19,Pending
ACC67899,CUST00657,Savings,2023-03-07,Verified
ACC32643,CUST00658,Savings,2022-09-26,Pending
ACC26801,CUST00659,Savings,2020-05-05,Pending
ACC39119,CUST00660,Savings,2023-06-08,Pending
ACC71581,CUST00661,Savings,2023-06-06,Verified
ACC91459,CUST00662,Current,2022-03-19,Pending
ACC75586,CUST00663,Savings,2020-07-25,Verified
ACC74432,CUST00664,Current,2021-01-20,Pending
ACC15181,CUST00665,Current,2020-05-13,Pending
ACC15549,CUST00666,Current,2020-01-03,Pending
ACC85987,CUST00667,Current,2024-04-02,Pending
ACC65458,CUST00668,Current,2020-06-24,Verified
ACC19431,CUST00669,Savings,2021-06-16,Verified
ACC34646,CUST00670,Savings,2023-05-02,Pending
ACC94069,CUST00671,Current,2021-07-03,Verified
ACC81211,CUST00672,Current,2020-06-16,Verified
ACC41888,CUST00673,Savings,2024-01-28,Verified
ACC57991,CUST00674,Savings,2024-04-01,Verified
ACC50403,CUST00675,Current,2023-09-11,Pending
ACC17878,CUST00676,Savings,2022-02-07,Pending
ACC88106,CUST00677,Savings,2022-10-22,Pending
ACC29082,CUST00678,Current,2023-05-25,Pending
ACC96830,CUST00679,Current,2024-01-17,Pending
ACC52432,CUST00680,Savings,2023-01-03,Verified
ACC55063,CUST00681,Current,2020-06-25,Verified
ACC85489,CUST00682,Current,2021-06-12,Pending
ACC53716,CUST00683,Current,2020-02-07,Pending
ACC28737,CUST00684,Current,2023-08-20,Verified
ACC95423,CUST00685,Current,2023-02-08,Pending
ACC35618,CUST00686,Savings,2021-10-17,Pending
ACC38994,CUST00687,Current,2020-03-04,Verified
ACC96548,CUST00688,Savings,2020-07-03,Pending
ACC90769,CUST00689,Savings,2023-07-11,Verified
ACC88640,CUST00690,Savings,2020-02-25,Pending
ACC57440,CUST00691,Current,2024-11-28,Verified
ACC77557,CUST00692,Current,2021-12-07,Verified
ACC27851,CUST00693,Savings,2022-03-17,Verified
ACC82203,CUST00694,Current,2020-06-26,Verified
ACC87351,CUST00695,Current,2024-02-26,Verified
ACC55165,CUST00696,Savings,2023-09-18,Verified
ACC67341,CUST00697,Current,2020-11-09,Pending
ACC62100,CUST00698,Current,2020-07-02,Pending
ACC98608,CUST00699,Savings,2024-04-18,Verified
ACC67916,CUST00700,Current,2023-10-08,Verified
ACC57051,CUST00701,Savings,2022-05-22,Pending
ACC53866,CUST00702,Current,2020-04-12,Pending
ACC23257,CUST00703,Savings,2024-02-11,Verified
ACC63863,CUST00704,Current,2021-11-29,Pending
ACC14373,CUST00705,Savings,2022-11-04,Verified
ACC56407,CUST00706,Savings,2021-11-20,Pending
ACC48109,CUST00707,Current,2023-01-26,Pending
ACC49116,CUST00708,Savings,2021-08-29,Pending
ACC32718,CUST00709,Current,2023-06-08,Verified
ACC70006,CUST00710,Current,2023-03-12,Pending
ACC58391,CUST00711,Savings,2021-03-23,Verified
ACC58892,CUST00712,Savings,2023-03-13,Verified
ACC36982,CUST00713,Current,2020-11-24,Pending
ACC32317,CUST00714,Savings,2023-07-08,Pending
ACC90603,CUST00715,Current,2024-11-30,Pending
ACC33332,CUST00716,Current,2020-12-15,Pending
ACC35592,CUST00717,Current,2024-11-21,Pending
ACC93639,CUST00718,Current,2020-10-26,Pending
ACC88752,CUST00719,Current,2021-04-09,Verified
ACC59496,CUST00720,Savings,2020-04-24,Verified
ACC37329,CUST00721,Current,2021-07-11,Pending
ACC76552,CUST00722,Savings,2024-01-19,Verified
ACC74361,CUST00723,Current,2024-05-25,Verified
ACC24364,CUST00724,Savings,2024-02-23,Verified
ACC45567,CUST00725,Current,2022-12-30,Verified
ACC15493,CUST00726,Current,2020-09-25,Verified
ACC59204,CUST00727,Current,2022-04-06,Verified
ACC43669,CUST00728,Current,2023-02-03,Pending
ACC92592,CUST00729,Current,2023-07-11,Pending
ACC90247,CUST00730,Current,2020-06-11,Verified
ACC65004,CUST00731,Current,2023-02-26,Pending
ACC42570,CUST00732,Savings,2020-03-15,Pending
ACC48482,CUST00733,Current,2022-07-23,Pending
ACC60621,CUST00734,Current,2023-02-26,Pending
ACC89265,CUST00735,Savings,2020-03-26,Pending
ACC50353,CUST00736,Current,2022-11-18,Verified
ACC77866,CUST00737,Savings,2021-05-10,Pending
ACC21158,CUST00738,Current,2023-09-22,Verified
ACC42945,CUST00739,Savings,2023-05-12,Verified
ACC57110,CUST00740,Current,2023-08-27,Verified
ACC82423,CUST00741,Savings,2020-08-12,Pending
ACC93028,CUST00742,Savings,2024-06-14,Pending
ACC11217,CUST00743,Current,2021-09-15,Verified
ACC96617,CUST00744,Current,2022-03-08,Pending
ACC22953,CUST00745,Savings,2024-08-06,Verified
ACC81290,CUST00746,Current,2023-09-21,Verified
ACC60796,CUST00747,Current,2021-06-04,Verified
ACC26541,CUST00748,Savings,2020-05-28,Pending
ACC83118,CUST00749,Savings,2023-11-27,Verified
ACC95920,CUST00750,Current,2022-10-09,Verified
ACC67285,CUST00751,Savings,2021-04-20,Pending
ACC42897,CUST00752,Savings,2021-06-09,Verified
ACC69254,CUST00753,Current,2023-05-21,Pending
ACC58031,CUST00754,Savings,2020-10-16,Pending
ACC14271,CUST00755,Savings,2022-10-03,Verified
ACC89637,CUST00756,Savings,2024-01-12,Verified
ACC21286,CUST00757,Savings,2021-02-09,Pending
ACC63373,CUST00758,Current,2022-01-12,Verified
ACC23194,CUST00759,Savings,2022-09-04,Pending
ACC20980,CUST00760,Savings,2020-02-05,Verified
ACC79808,CUST00761,Savings,2023-12-28,Pending
ACC78805,CUST00762,Savings,2020-12-20,Pending
ACC84040,CUST00763,Savings,2021-11-20,Pending
ACC45550,CUST00764,Current,2021-07-03,Pending
ACC24335,CUST00765,Savings,2021-12-30,Pending
ACC20580,CUST00766,Current,2020-12-18,Pending
ACC81445,CUST00767,Savings,2024-11-20,Verified
ACC58716,CUST00768,Savings,2022-01-14,Verified
ACC42378,CUST00769,Current,2021-10-24,Verified
ACC53474,CUST00770,Savings,2020-04-19,Verified
ACC51536,CUST00771,Savings,2022-08-26,Verified
ACC17170,CUST00772,Savings,2024-09-26,Pending
ACC75517,CUST00773,Current,2021-02-12,Pending
ACC75221,CUST00774,Current,2023-04-14,Pending
ACC92699,CUST00775,Savings,2023-05-28,Verified
ACC68767,CUST00776,Savings,2022-12-22,Pending
ACC27896,CUST00777,Current,2024-08-26,Pending
ACC14097,CUST00778,Current,2024-03-20,Pending
ACC90085,CUST00779,Savings,2024-01-09,Pending
ACC71158,CUST00780,Current,2023-03-09,Verified
ACC56555,CUST00781,Savings,2020-02-02,Verified
ACC81277,CUST00782,Savings,2020-05-13,Verified
ACC21766,CUST00783,Savings,2023-12-24,Pending
ACC67808,CUST00784,Savings,2020-02-14,Pending
ACC90486,CUST00785,Savings,2024-02-20,Verified
ACC74643,CUST00786,Savings,2023-09-10,Verified
ACC30408,CUST00787,Savings,2020-03-23,Pending
ACC27598,CUST00788,Savings,2021-05-06,Pending
ACC29253,CUST00789,Savings,2023-12-30,Verified
ACC31591,CUST00790,Savings,2020-11-08,Verified
ACC18809,CUST00791,Savings,2022-03-26,Verified
ACC36104,CUST00792,Current,2021-02-14,Pending
ACC91847,CUST00793,Savings,2021-06-15,Pending
ACC78520,CUST00794,Current,2021-01-26,Pending
ACC12927,CUST00795,Current,2023-02-16,Verified
ACC73666,CUST00796,Savings,2022-10-23,Verified
ACC35418,CUST00797,Current,2023-02-22,Verified
ACC52502,CUST00798,Current,2024-10-01,Verified
ACC62177,CUST00799,Savings,2022-09-03,Pending
ACC89885,CUST00800,Current,2024-04-05,Pending
ACC33175,CUST00801,Current,2020-08-05,Pending
ACC95674,CUST00802,Savings,2024-03-29,Pending
ACC21519,CUST00803,Current,2024-07-30,Verified
ACC80975,CUST00804,Current,2023-02-09,Pending
ACC61135,CUST00805,Current,2024-05-29,Pending
ACC56624,CUST00806,Current,2023-11-02,Verified
ACC13539,CUST00807,Current,2020-05-07,Verified
ACC42477,CUST00808,Current,2024-08-01,Pending
ACC66474,CUST00809,Current,2022-09-05,Pending
ACC46941,CUST00810,Savings,2023-11-28,Verified
ACC41724,CUST00811,Savings,2023-11-15,Pending
ACC36800,CUST00812,Current,2022-01-03,Pending
ACC17171,CUST00813,Current,2024-07-15,Verified
ACC12309,CUST00814,Savings,2020-03-23,Verified
ACC85392,CUST00815,Savings,2021-11-28,Verified
ACC29845,CUST00816,Current,2021-12-20,Pending
ACC28577,CUST00817,Savings,2024-01-13,Pending
ACC90485,CUST00818,Current,2024-07-01,Pending
ACC46764,CUST00819,Savings,2023-01-11,Pending
ACC39683,CUST00820,Current,2021-10-30,Verified
ACC42160,CUST00821,Savings,2021-03-05,Verified
ACC46043,CUST00822,Current,2024-06-04,Verified
ACC44619,CUST00823,Savings,2023-10-06,Verified
ACC78632,CUST00824,Savings,2024-09-13,Pending
ACC45285,CUST00825,Savings,2022-03-29,Verified
ACC56777,CUST00826,Current,2022-11-05,Pending
ACC67705,CUST00827,Current,2021-01-01,Pending
ACC44137,CUST00828,Current,2021-05-16,Pending
ACC98309,CUST00829,Current,2020-09-24,Pending
ACC10482,CUST00830,Savings,2023-04-19,Pending
ACC26311,CUST00831,Current,2021-12-27,Pending
ACC88106,CUST00832,Current,2023-09-08,Pending
ACC57979,CUST00833,Savings,2021-06-15,Verified
ACC12375,CUST00834,Current,2024-02-11,Verified
ACC23897,CUST00835,Savings,2021-04-14,Verified
ACC49635,CUST00836,Current,2020-11-25,Pending
ACC88256,CUST00837,Current,2023-02-09,Verified
ACC49655,CUST00838,Savings,2021-01-30,Verified
ACC39978,CUST00839,Current,2020-02-20,Pending
ACC96411,CUST00840,Savings,2020-07-22,Pending
ACC25282,CUST00841,Current,2024-11-25,Pending
ACC36554,CUST00842,Current,2024-11-24,Pending
ACC15633,CUST00843,Current,2022-10-30,Verified
ACC59836,CUST00844,Savings,2023-10-28,Pending
ACC37156,CUST00845,Current,2021-02-17,Verified
ACC28659,CUST00846,Current,2021-05-05,Pending
ACC98912,CUST00847,Current,2023-12-13,Verified
ACC27113,CUST00848,Savings,2022-12-03,Verified
ACC74312,CUST00849,Savings,2020-05-27,Verified
ACC18973,CUST00850,Savings,2022-12-25,Verified
ACC81464,CUST00851,Current,2023-09-05,Verified
ACC57434,CUST00852,Savings,2021-10-13,Verified
ACC71630,CUST00853,Savings,2021-06-12,Verified
ACC50523,CUST00854,Current,2021-03-05,Verified
ACC39116,CUST00855,Current,2022-08-20,Verified
ACC41138,CUST00856,Current,2021-02-17,Verified
ACC18079,CUST00857,Current,2022-06-13,Pending
ACC80414,CUST00858,Current,2020-07-14,Verified
ACC15660,CUST00859,Savings,2023-09-24,Verified
ACC82199,CUST00860,Savings,2021-08-17,Verified
ACC73992,CUST00861,Savings,2022-06-25,Verified
ACC38896,CUST00862,Current,2023-05-31,Verified
ACC26436,CUST00863,Savings,2023-06-10,Verified
ACC69351,CUST00864,Savings,2024-05-09,Pending
ACC22539,CUST00865,Current,2023-10-18,Pending
ACC94913,CUST00866,Current,2024-05-14,Verified
ACC42415,CUST00867,Savings,2022-07-02,Pending
ACC59246,CUST00868,Current,2022-06-08,Pending
ACC96707,CUST00869,Savings,2024-09-09,Pending
ACC48366,CUST00870,Current,2024-09-25,Verified
ACC37811,CUST00871,Savings,2023-04-01,Verified
ACC71217,CUST00872,Savings,2020-03-24,Verified
ACC61995,CUST00873,Current,2020-05-15,Verified
ACC75120,CUST00874,Savings,2024-05-30,Pending
ACC69123,CUST00875,Current,2022-12-18,Verified
ACC46026,CUST00876,Current,2023-03-31,Verified
ACC32666,CUST00877,Current,2024-01-25,Pending
ACC77225,CUST00878,Savings,2020-04-04,Verified
ACC63475,CUST00879,Current,2021-01-20,Verified
ACC55593,CUST00880,Current,2022-04-04,Pending
ACC66317,CUST00881,Current,2020-05-19,Pending
ACC63569,CUST00882,Current,2023-01-31,Pending
ACC43253,CUST00883,Savings,2022-01-19,Verified
ACC80736,CUST00884,Current,2021-08-08,Verified
ACC51655,CUST00885,Savings,2021-08-11,Pending
ACC78933,CUST00886,Current,2024-02-27,Verified
ACC52408,CUST00887,Savings,2024-11-25,Verified
ACC11703,CUST00888,Savings,2024-03-05,Pending
ACC36478,CUST00889,Savings,2022-02-24,Verified
ACC15523,CUST00890,Savings,2021-07-17,Verified
ACC55432,CUST00891,Current,2022-12-23,Pending
ACC23553,CUST00892,Current,2024-10-25,Verified
ACC65792,CUST00893,Savings,2024-11-06,Pending
ACC33085,CUST00894,Current,2023-01-16,Pending
ACC11006,CUST00895,Savings,2022-04-13,Pending
ACC37616,CUST00896,Savings,2024-09-19,Pending
ACC89550,CUST00897,Current,2021-12-01,Pending
ACC36618,CUST00898,Savings,2024-02-13,Pending
ACC73348,CUST00899,Current,2020-11-23,Pending
ACC78269,CUST00900,Current,2024-02-08,Pending
ACC42939,CUST00901,Current,2020-08-27,Pending
ACC89139,CUST00902,Savings,2024-01-05,Verified
ACC10599,CUST00903,Current,2020-03-30,Pending
ACC78601,CUST00904,Current,2022-09-23,Verified
ACC95925,CUST00905,Savings,2022-09-07,Pending
ACC84823,CUST00906,Savings,2023-02-04,Pending
ACC75105,CUST00907,Savings,2023-11-23,Pending
ACC80231,CUST00908,Current,2021-10-07,Verified
ACC14468,CUST00909,Savings,2023-10-12,Pending
ACC63636,CUST00910,Current,2021-07-15,Pending
ACC47032,CUST00911,Savings,2020-04-05,Verified
ACC43448,CUST00912,Savings,2024-02-09,Verified
ACC41057,CUST00913,Current,2020-05-10,Verified
ACC31543,CUST00914,Current,2023-02-19,Pending
ACC25522,CUST00915,Current,2020-09-01,Verified
ACC22270,CUST00916,Savings,2021-06-15,Verified
ACC24322,CUST00917,Current,2024-08-04,Pending
ACC60611,CUST00918,Savings,2020-08-30,Pending
ACC74954,CUST00919,Savings,2022-05-23,Verified
ACC50503,CUST00920,Current,2023-08-05,Verified
ACC32248,CUST00921,Current,2023-05-12,Pending
ACC45136,CUST00922,Savings,2024-07-25,Pending
ACC78444,CUST00923,Current,2022-03-01,Verified
ACC44631,CUST00924,Current,2020-06-03,Verified
ACC87687,CUST00925,Current,2023-06-18,Pending
ACC22057,CUST00926,Savings,2024-08-14,Pending
ACC13353,CUST00927,Savings,2022-09-19,Verified
ACC95379,CUST00928,Current,2022-08-16,Verified
ACC84173,CUST00929,Current,2023-10-24,Pending
ACC16887,CUST00930,Current,2024-11-10,Verified
ACC85535,CUST00931,Current,2023-09-26,Verified
ACC80075,CUST00932,Current,2021-02-17,Verified
ACC29960,CUST00933,Current,2023-03-07,Verified
ACC80765,CUST00934,Current,2022-01-02,Verified
ACC76030,CUST00935,Savings,2022-09-24,Verified
ACC68636,CUST00936,Savings,2020-03-01,Verified
ACC50994,CUST00937,Savings,2021-09-29,Verified
ACC49265,CUST00938,Current,2020-08-28,Pending
ACC16028,CUST00939,Savings,2024-10-13,Verified
ACC75001,CUST00940,Savings,2022-08-29,Verified
ACC70217,CUST00941,Current,2021-10-04,Verified
ACC61515,CUST00942,Savings,2023-01-08,Pending
ACC38137,CUST00943,Current,2023-07-12,Verified
ACC21634,CUST00944,Savings,2023-03-01,Verified
ACC62941,CUST00945,Savings,2020-01-04,Pending
ACC11946,CUST00946,Savings,2024-10-11,Pending
ACC79219,CUST00947,Savings,2023-10-31,Verified
ACC61177,CUST00948,Savings,2020-01-24,Verified
ACC23597,CUST00949,Savings,2022-07-05,Verified
ACC68449,CUST00950,Current,2023-02-16,Verified
ACC91524,CUST00951,Savings,2022-04-26,Pending
ACC20657,CUST00952,Current,2024-03-10,Pending
ACC48109,CUST00953,Current,2020-08-15,Verified
ACC41424,CUST00954,Savings,2021-11-16,Pending
ACC63676,CUST00955,Savings,2024-09-21,Verified
ACC41402,CUST00956,Savings,2022-12-23,Pending
ACC67075,CUST00957,Current,2024-07-09,Pending
ACC16499,CUST00958,Savings,2024-04-20,Pending
ACC61339,CUST00959,Current,2024-04-27,Verified
ACC62758,CUST00960,Savings,2021-03-20,Verified
ACC24800,CUST00961,Savings,2020-10-19,Pending
ACC15788,CUST00962,Savings,2023-10-10,Pending
ACC82423,CUST00963,Savings,2020-08-09,Pending
ACC22380,CUST00964,Savings,2020-06-02,Verified
ACC63527,CUST00965,Savings,2021-12-24,Verified
ACC40961,CUST00966,Savings,2022-12-29,Verified
ACC22419,CUST00967,Savings,2022-06-11,Verified
ACC67639,CUST00968,Current,2021-03-03,Pending
ACC55679,CUST00969,Savings,2020-01-21,Pending
ACC60973,CUST00970,Current,2023-11-02,Pending
ACC64553,CUST00971,Current,2020-07-27,Verified
ACC10947,CUST00972,Savings,2024-05-03,Verified
ACC62729,CUST00973,Current,2022-11-29,Verified
ACC74243,CUST00974,Current,2021-12-19,Verified
ACC64622,CUST00975,Current,2023-06-28,Verified
ACC12251,CUST00976,Current,2022-05-29,Pending
ACC33307,CUST00977,Savings,2020-01-05,Verified
ACC51608,CUST00978,Current,2020-01-31,Pending
ACC51497,CUST00979,Savings,2021-02-28,Verified
ACC86966,CUST00980,Savings,2023-01-25,Pending
ACC24280,CUST00981,Current,2022-09-22,Verified
ACC49273,CUST00982,Savings,2024-01-30,Verified
ACC87024,CUST00983,Current,2021-04-06,Pending
ACC52276,CUST00984,Current,2022-11-01,Pending
ACC67918,CUST00985,Savings,2024-10-27,Pending
ACC21227,CUST00986,Savings,2020-01-25,Pending
ACC98557,CUST00987,Current,2021-08-24,Verified
ACC15108,CUST00988,Current,2022-08-30,Verified
ACC59120,CUST00989,Current,2021-06-17,Verified
ACC21114,CUST00990,Current,2023-09-27,Verified
ACC67648,CUST00991,Current,2024-08-03,Pending
ACC19602,CUST00992,Savings,2020-07-14,Verified
ACC86953,CUST00993,Savings,2021-11-01,Verified
ACC79742,CUST00994,Savings,2020-06-11,Verified
ACC27028,CUST00995,Current,2023-12-09,Verified
ACC19980,CUST00996,Savings,2020-07-23,Verified
ACC55850,CUST00997,Savings,2022-03-25,Pending
ACC79215,CUST00998,Current,2023-06-18,Pending
ACC42032,CUST00999,Savings,2020-12-10,Pending
ACC38076,CUST01000,Current,2021-07-06,Verified
